Model,Mode,Seed,Traj_RMSE (%),Traj_MAE (%),Traj_R2,EOL_MAE (Cycles),EOL_MAPE (%),EOL_R2,Time (s)
PINN,Base,0,3.409169614315033,1.7574537545442581,0.6925047636032104,54.834131523464336,10.832125964060472,0.8119598769699167,6.562544941902161
PINN,Base,1,3.8550496101379395,1.996409147977829,0.6068112254142761,95.65123643898974,20.98436894902837,0.3542400513831925,3.6910874366760256
PINN,Base,2,3.4446030855178833,1.9326623529195786,0.6860795617103577,75.77097490090259,18.81400376451341,0.5565131935352201,3.941584753990173
PINN,Base,3,2.4860231205821037,1.6688263043761253,0.8364872932434082,61.341457894779886,14.99729376206152,0.7664968766927153,3.8816016912460327
PINN,Base,4,3.2644547522068024,1.8314523622393608,0.7180562019348145,62.60621347050477,11.036984076227899,0.7388474263176932,2.4415374040603637
PINN,Base,5,3.3864907920360565,1.8535178154706955,0.6965822577476501,60.92817900420546,11.326778743052564,0.7310412573704554,3.899304819107056
PINN,Base,6,3.2012570649385452,1.729387417435646,0.7288670539855957,56.74071374752928,10.419795545318351,0.7671711982688298,3.2307484626770018
PINN,Base,7,4.0224142372608185,2.1269921213388443,0.5719299912452698,64.8485638647571,11.948531298646856,0.7107404976878129,2.482465720176697
PINN,Base,8,3.277631476521492,1.8763663247227669,0.7157755494117737,105.22799471558896,23.41207594247326,0.3100269663309495,6.059734225273132
PINN,Base,9,3.8339201360940933,1.9317394122481346,0.6111094951629639,74.7565612563972,17.052669215875575,0.5826933129114716,4.895051407814026
PINN,Phys,0,1.6896551474928856,1.1047391220927238,0.9225501418113708,60.72275245354086,11.896259439982304,0.7767764997991262,8.910308361053467
PINN,Phys,1,2.9384493827819824,1.5769872814416885,0.8020654916763306,79.277699041282,15.023781452315868,0.6319688788112519,3.523683953285217
PINN,Phys,2,2.639140747487545,1.3085556216537952,0.8207340240478516,59.11506913887851,13.996108173414811,0.8052181695768899,5.539549803733825
PINN,Phys,3,1.3370083644986153,0.9259420447051525,0.9497460722923279,53.033537220155786,9.993278616853145,0.8263196383777192,4.084958028793335
PINN,Phys,4,2.5728102773427963,1.4055067673325539,0.8288769125938416,78.3212506216487,14.65710146614886,0.4837352757403871,6.044890308380127
PINN,Phys,5,2.7359317988157272,1.3343055732548237,0.8048083782196045,60.602175063012794,11.205407528370761,0.7376947945466438,6.968709182739258
PINN,Phys,6,1.4224352315068245,0.8512589149177074,0.9439374208450317,53.24355002150885,9.638017385493534,0.7904399162141675,1.8773059844970703
PINN,Phys,7,1.851157285273075,1.1683784425258636,0.9104272127151489,49.472376055957284,9.963825393406529,0.8398660987916229,6.395252752304077
PINN,Phys,8,1.8354931846261024,1.143904123455286,0.9190956950187683,55.04786242201504,10.80378232037716,0.8471647958460566,2.245090889930725
PINN,Phys,9,3.032161109149456,1.4819233678281307,0.7573465704917908,56.632825344513414,10.357940996738597,0.7389271683565398,4.264381289482117
FNN,Base,0,6.796805560588837,5.323655158281326,-0.11460673809051514,1582.0433776588307,286.6836737143317,-78.39683979636781,3.3683172464370728
FNN,Base,1,8.3553247153759,5.981812998652458,-0.6843745708465576,1576.8389205932617,287.822398965649,-78.51713601082538,1.8578846216201783
FNN,Base,2,7.838675379753113,5.6778352707624435,-0.48250913619995117,1729.367039489746,319.119244203405,-88.88260831844356,2.785355067253113
FNN,Base,3,7.156913727521896,5.423765257000923,-0.23584365844726562,1613.1839479439732,293.355020628549,-78.25828611968858,1.6934983253479003
FNN,Base,4,9.179002791643143,6.598858535289764,-1.032839059829712,1729.367039489746,319.119244203405,-88.88260831844356,1.449759340286255
FNN,Base,5,6.227261945605278,4.323369264602661,0.06436538696289062,1189.5711809953134,224.76894894919758,-51.04166533808966,1.5871517658233643
FNN,Base,6,6.679411232471466,5.053911358118057,-0.07643651962280273,1407.9828787600893,250.59652403609087,-67.44464797195421,1.3637796640396118
FNN,Base,7,6.560198962688446,4.844250530004501,-0.038355350494384766,1576.2716415405273,287.5221074917778,-78.47858498591043,0.6142436265945435
FNN,Base,8,5.169672891497612,3.882136195898056,0.3551805019378662,955.1851377234334,173.62555084437142,-34.258825884587225,1.1955856800079345
FNN,Base,9,8.004714548587799,6.47609680891037,-0.5459794998168945,1729.367039489746,319.119244203405,-88.88260831844356,1.0581510543823243
FNN,Phys,0,6.652481853961945,4.985318332910538,-0.06777417659759521,1488.246479209606,265.74983821551,-70.04379649171624,2.160482573509216
FNN,Phys,1,8.378901332616806,6.106752902269363,-0.6938939094543457,1576.8389205932617,287.822398965649,-78.51713601082538,1.8043741941452027
FNN,Phys,2,6.725183874368668,4.692110046744347,-0.0912400484085083,1292.184564524236,233.00630858250653,-59.54535921692889,1.76728355884552
FNN,Phys,3,7.779356837272644,5.846311151981354,-0.46015632152557373,1898.1835116036716,529.7981513876313,-97.36494764007988,2.0079505443573
FNN,Phys,4,9.100620448589325,6.690467894077301,-0.9982692003250122,1729.367039489746,319.119244203405,-88.88260831844356,2.0306097745895384
FNN,Phys,5,5.904867500066757,4.124706983566284,0.158735990524292,1274.389550745374,237.66296583643464,-59.443207951511866,1.4079601049423218
FNN,Phys,6,6.830286979675293,4.765058308839798,-0.12561500072479248,1576.2716415405273,287.5221074917778,-78.47858498591043,2.1466224193573
FNN,Phys,7,6.568839401006699,4.868680983781815,-0.04109227657318115,1354.134612460802,257.6955489418317,-64.11548896870599,0.45617358684539794
FNN,Phys,8,6.019946932792664,4.335192963480949,0.1256258487701416,1173.9454784589866,226.60495181443147,-50.86715740362281,1.8386098623275757
FNN,Phys,9,8.530505001544952,6.227406859397888,-0.7557450532913208,1729.367039489746,319.119244203405,-88.88260831844356,0.706773328781128
CNN,Base,0,6.033149734139442,4.3418824672698975,0.12178629636764526,1423.743522644043,256.2252622540217,-68.11311267829225,0.29402143955230714
CNN,Base,1,6.468917429447174,4.644275456666946,-0.009660005569458008,1379.4360458374024,260.69427009714974,-65.1020749287783,0.28514575958251953
CNN,Base,2,6.792964786291122,4.510118439793587,-0.11334741115570068,1423.743522644043,256.2252622540217,-68.11311267829225,0.2984088659286499
CNN,Base,3,7.027484476566315,5.465992167592049,-0.19154870510101318,1394.4307210802972,258.3049880391774,-65.13268186641685,0.24338746070861816
CNN,Base,4,6.116609647870064,4.455152526497841,0.097320556640625,1308.1597702026368,239.0273781379632,-60.25829748873965,0.3682992935180664
CNN,Base,5,8.506371825933456,6.56043216586113,-0.7458251714706421,1729.367039489746,319.119244203405,-88.88260831844356,0.21267273426055908
CNN,Base,6,6.984467804431915,5.028015002608299,-0.17700576782226562,1482.4747430913026,274.207499364945,-73.082230149809,0.2428118944168091
CNN,Base,7,6.615203619003296,4.317893832921982,-0.05584073066711426,1286.500262461095,233.9260307159616,-59.42896432620664,0.25190856456756594
CNN,Base,8,10.155188292264938,8.07013139128685,-1.488215446472168,1576.2716415405273,287.5221074917778,-78.47858498591043,0.28502788543701174
CNN,Base,9,7.31741338968277,5.472356081008911,-0.291894793510437,1729.367039489746,319.119244203405,-88.88260831844356,0.3794492244720459
CNN,Phys,0,6.098495423793793,4.516556113958359,0.10265916585922241,1304.1355735065104,235.8631419521294,-59.44900158097349,0.25382845401763915
CNN,Phys,1,7.146281003952026,5.588129535317421,-0.23217427730560303,1576.2716415405273,287.5221074917778,-78.47858498591043,0.2542509317398071
CNN,Phys,2,7.315334677696228,5.149370804429054,-0.2911609411239624,1663.334022981492,311.29302342747474,-84.12197579299988,0.2607463598251343
CNN,Phys,3,5.706715956330299,3.969857469201088,0.21424973011016846,1080.2736425410276,199.13316842117757,-44.952326514368146,0.2605846881866455
CNN,Phys,4,6.256277114152908,4.571729525923729,0.05562615394592285,1294.7769271850586,233.0520038776094,-59.34882919070044,0.3551220178604126
CNN,Phys,5,8.820497989654541,6.324431300163269,-0.8771466016769409,1587.8264782499587,301.53460732274834,-78.59781887474976,0.20464301109313965
CNN,Phys,6,6.285710632801056,4.393864795565605,0.04671943187713623,1288.476783546345,233.79254070123653,-55.80910839009459,0.27497272491455077
CNN,Phys,7,8.885826915502548,6.43792599439621,-0.9050556421279907,1395.3543280467443,252.86058021588497,-65.7759014680731,0.2899440288543701
CNN,Phys,8,12.347495555877686,8.72943252325058,-2.6784915924072266,1501.1279199299663,289.1097261826387,-75.3486182105849,0.27327399253845214
CNN,Phys,9,7.384923845529556,5.267777666449547,-0.31584274768829346,1613.7832870483398,301.92136008734656,-81.02779312889096,0.32687089443206785
LSTM,Base,0,6.0843296349048615,4.2857825756073,0.1068231463432312,1543.5052583489316,280.7595012794484,-77.90731083439309,1.3491148710250855
LSTM,Base,1,5.786854401230812,4.001597315073013,0.1920265555381775,1300.7588851623382,239.5588466041958,-55.288454331637375,1.8743464469909668
LSTM,Base,2,7.948274910449982,6.25554546713829,-0.5242555141448975,1729.367039489746,319.119244203405,-88.88260831844356,0.8371333599090576
LSTM,Base,3,6.1794281005859375,4.517395049333572,0.07868409156799316,1628.566639289646,306.42514174418795,-81.9752728061307,2.738235902786255
LSTM,Base,4,8.640401065349579,6.899343430995941,-0.801274299621582,1729.367039489746,319.119244203405,-88.88260831844356,0.6274917364120484
LSTM,Base,5,6.222601234912872,4.752637445926666,0.06576544046401978,1494.4996057728877,280.0324585531615,-70.46132532031683,2.88274564743042
LSTM,Base,6,8.344374597072601,6.6589877009391785,-0.6799625158309937,1729.367039489746,319.119244203405,-88.88260831844356,0.8584820985794067
LSTM,Base,7,8.922453969717026,6.855081021785736,-0.9207931756973267,1963.3410903930665,611.1132465452644,-104.78297424316406,1.4614359378814696
LSTM,Base,8,7.093675434589386,5.3996507078409195,-0.21410036087036133,1729.367039489746,319.119244203405,-88.88260831844356,1.16864755153656
LSTM,Base,9,8.137543499469757,6.126141548156738,-0.5977127552032471,1963.3410903930665,611.1132465452644,-104.78297424316406,2.0535544395446776
LSTM,Phys,0,6.182676181197166,4.349172115325928,0.07771533727645874,1557.8874494444794,283.7278208001273,-78.08618744188487,1.068963384628296
LSTM,Phys,1,6.037744507193565,4.505472630262375,0.12044817209243774,1469.7183649022084,268.5638789255383,-68.88110243979105,1.3380647420883178
LSTM,Phys,2,8.77981036901474,6.8554408848285675,-0.8598687648773193,1963.3410903930665,611.1132465452644,-104.78297424316406,1.3344316720962524
LSTM,Phys,3,6.322237104177475,4.541712626814842,0.03560817241668701,1476.4906012706365,279.47798009617225,-72.80040892391904,2.8425637245178224
LSTM,Phys,4,8.807673305273056,7.104890048503876,-0.8716920614242554,1729.367039489746,319.119244203405,-88.88260831844356,0.8063171625137329
LSTM,Phys,5,6.483692675828934,4.8432063311338425,-0.01427757740020752,1441.222967453728,268.12679663056286,-65.44768279340957,4.270997786521912
LSTM,Phys,6,9.010148048400879,6.818529963493347,-0.9587358236312866,1963.3410903930665,611.1132465452644,-104.78297424316406,1.8893205165863036
LSTM,Phys,7,8.156810700893402,6.166386604309082,-0.6052873134613037,1963.3410903930665,611.1132465452644,-104.78297424316406,1.7710875749588013
LSTM,Phys,8,7.154326140880585,5.345263332128525,-0.23495030403137207,1576.2716415405273,287.5221074917778,-78.47858498591043,1.395494031906128
LSTM,Phys,9,8.206664770841599,6.205496191978455,-0.6249703168869019,1729.367039489746,319.119244203405,-88.88260831844356,2.222880482673645
